category,final_amount
Sports,808.10146875
Clothing,577.3440857142856
Home,557.7721647058823
Electronics,502.40075531914897
Books,496.72312025316455
