category,Australia,Canada,France,Germany,Italy,Japan,Netherlands,Spain,United Kingdom,United States
Books,5558.267,8199.862,9208.855,9439.559,10985.922,5216.148999999999,5692.12,6658.724999999999,7265.541,10257.253
Clothing,5540.933999999999,8711.723,4229.769,3842.672,5469.441,1615.7549999999997,4086.512,1989.513,1710.944,3216.823
Electronics,3349.14,6467.894,3052.186,2436.556,6836.000999999999,4980.006,11148.477,2522.0299999999997,4741.804,1691.577
Home,8186.263,5384.434,3981.4799999999996,6713.263,3996.817,4156.839,3547.24,574.29,6410.058,4459.95
Sports,3868.0350000000003,673.8699999999999,2022.192,2526.84,3878.1749999999997,2239.652,2442.888,222.43,2019.2580000000003,5965.907
