product_id,product_name,final_amount
P047,Fiction Novel,14060.827
P001,Speaker,12813.351999999999
P029,Plant Pot,11277.967999999999
P040,Cookbook,11140.78
P023,Blanket,10994.306
P005,Running Shoes,10110.842
P008,Cookbook,10063.536
P049,Scarf,9712.881
P018,Smartphone,9665.766
P007,Tennis Racket,8594.25
